Variável,Média,Mediana,Moda,Desvio Padrão,Min,Max,Count,Nulos,P5,P10,P25,P50,P75,P90,P95,P99
Flow Duration,8219593.071095,32065.000000,1.000000,24773265.959597,-1.000000,120000000.000000,12794627,0,41.000000,243.000000,1262.000000,32065.000000,4159735.500000,10023888.600000,64065220.400000,117596978.840000
Fwd Act Data Pkts,24.141446,0.000000,0.000000,1711.586811,0.000000,309628.000000,12794627,0,0.000000,0.000000,0.000000,0.000000,1.000000,5.000000,6.000000,14.000000
Idle Mean,3119925.047332,0.000000,0.000000,12192610.286519,0.000000,119999735.000000,12794627,0,0.000000,0.000000,0.000000,0.000000,0.000000,5377872.600000,18600000.000000,59971870.800000
Flow Byts/s,226989.514416,293.534790,0.000000,5429112.600111,0.000000,2065000000.000000,12746847,29713,0.000000,0.000000,0.000000,293.534790,11954.972089,298507.462687,717920.353982,1161001.788909
Flow Pkts/s,25181.435160,86.075451,2000000.000000,178016.759717,-2000000.000000,6000000.000000,12746847,0,0.234106,0.963442,2.187603,86.075451,1992.031873,9404.388715,47619.047619,750000.000000
Fwd Pkt Len Mean,76.221258,36.000000,0.000000,94.384745,0.000000,4660.441026,12794627,0,0.000000,0.000000,0.000000,36.000000,142.000000,233.750000,233.750000,233.750000
Bwd Pkt Len Mean,91.893245,68.000000,0.000000,141.403640,0.000000,30375.083333,12794627,0,0.000000,0.000000,0.000000,68.000000,113.666667,225.857143,255.727273,717.909091
Flow IAT Std,954755.958425,251.022907,0.000000,3430754.916974,0.000000,84808080.046087,12794627,0,0.000000,0.000000,0.000000,251.022907,456505.698188,1665312.917049,4114482.328116,18170678.865516
Pkt Len Mean,78.257438,54.500000,0.000000,94.383387,0.000000,16691.333333,12794627,0,0.000000,0.000000,0.000000,54.500000,143.222222,159.250000,176.588235,392.225960